task_id,method_id,resolution,precision_class,n_pairs,pose_valid,pose_auc_5,pose_auc_10,pose_auc_20,success_count_5,success_count_10,success_count_20
rubik_vis_vis_reference,dkm,128,fp32,100,96,20.84111889079093,31.829765965065214,41.77555713099885,37,48,54
rubik_vis_vis_reference,dkm,128,mp,100,98,15.137880966651752,26.192071923280224,36.69384957223668,30,42,52
rubik_vis_vis_reference,dkm,256,fp32,100,96,33.12195553584699,45.110542752815725,55.368893768541504,49,62,68
rubik_vis_vis_reference,dkm,256,mp,100,97,34.93922124627203,45.92561460380044,55.80526987082302,53,61,69
rubik_vis_vis_reference,dkm,512,fp32,100,97,47.15034552745895,58.82943103216579,67.79362368798729,63,75,78
rubik_vis_vis_reference,dkm,512,mp,100,98,47.4250807306358,59.176687608070864,68.51062126212636,65,76,78
rubik_vis_vis_reference,dkm,1024,fp32,100,98,50.97089848701874,60.90666003173651,68.27680745499262,68,73,77
rubik_vis_vis_reference,dkm,1024,mp,100,99,48.39174101300577,59.31219069306993,67.12320872649948,66,72,77
rubik_vis_vis_reference,efficientloftr,128,fp16,100,95,1.922383163566934,5.836515288479819,14.375343638034456,5,16,26
rubik_vis_vis_reference,efficientloftr,128,fp32,100,94,2.818395941791757,6.867838951819588,13.969711116437702,7,16,23
rubik_vis_vis_reference,efficientloftr,128,mp,100,95,2.816552528560349,6.786051275254451,14.100751856917409,6,16,27
rubik_vis_vis_reference,efficientloftr,256,fp16,100,97,15.759023796048377,26.161111710109783,35.252412015180184,29,40,47
rubik_vis_vis_reference,efficientloftr,256,fp32,100,97,13.868865872878503,24.10953337946505,33.636358055041434,26,40,47
rubik_vis_vis_reference,efficientloftr,256,mp,100,96,14.081479468002394,24.15249626361323,34.30128359623347,25,39,47
rubik_vis_vis_reference,efficientloftr,512,fp16,100,96,27.799322183981097,36.63034044955168,43.25274891004975,43,48,52
rubik_vis_vis_reference,efficientloftr,512,fp32,100,97,29.549427462452293,37.32983650864145,44.60992282759858,44,46,55
rubik_vis_vis_reference,efficientloftr,512,mp,100,98,28.11493819910458,37.187875194483496,44.66125100457911,42,48,55
rubik_vis_vis_reference,efficientloftr,1024,fp16,100,97,34.94598476570924,45.53961255842584,53.6754450060306,50,58,64
rubik_vis_vis_reference,efficientloftr,1024,fp32,100,98,30.504705168786018,42.8102957944675,52.30321064844768,46,57,64
rubik_vis_vis_reference,efficientloftr,1024,mp,100,98,34.48107187748036,45.69476985888257,55.040785204285214,49,60,66
rubik_vis_vis_reference,loftr,128,fp16,100,86,4.067279528018768,7.984623485068945,15.418594906130906,8,16,27
rubik_vis_vis_reference,loftr,128,fp32,100,86,3.655018553053555,7.090666397821196,14.92412581756755,7,15,28
rubik_vis_vis_reference,loftr,128,mp,100,86,3.522608006016505,7.281732234832364,15.478760264971964,7,16,29
rubik_vis_vis_reference,loftr,256,fp16,100,99,14.7439660124073,24.872215903510376,33.90792062080078,29,38,46
rubik_vis_vis_reference,loftr,256,fp32,100,99,17.42481225910543,26.2228731209637,36.15089141457114,29,39,49
rubik_vis_vis_reference,loftr,256,mp,100,100,13.73180606854765,24.399498132960385,33.78792640462011,29,39,47
rubik_vis_vis_reference,loftr,512,fp16,100,99,27.61263282594245,37.2572377675993,46.52093209145255,44,49,61
rubik_vis_vis_reference,loftr,512,fp32,100,99,26.700646384002702,37.51844431164575,46.2899521291661,42,52,59
rubik_vis_vis_reference,loftr,512,mp,100,98,28.068839618556428,37.901499172772766,45.89281937367783,44,48,59
rubik_vis_vis_reference,loftr,1024,fp16,100,98,34.26478251790076,44.04031680604791,52.23069344485306,49,57,62
rubik_vis_vis_reference,loftr,1024,fp32,100,99,33.01776354440095,42.76649118421794,51.11280975610936,48,54,62
rubik_vis_vis_reference,loftr,1024,mp,100,99,33.715532489500866,44.29023706301397,52.3911330359771,45,58,62
rubik_vis_vis_reference,mast3r,128,fp32,100,89,2.319686146322709,8.691965173567521,16.944774375123732,8,20,27
rubik_vis_vis_reference,mast3r,128,mp,100,88,3.896832071194558,8.966250901640493,16.649046154641812,10,17,29
rubik_vis_vis_reference,mast3r,256,fp32,100,95,38.28978700657471,54.9357652534217,67.58529238021214,64,77,83
rubik_vis_vis_reference,mast3r,256,mp,100,96,35.58211857866719,51.55423234858141,64.65015645449468,60,73,82
rubik_vis_vis_reference,mast3r,512,fp32,100,96,60.5518580645924,74.51870400457088,83.15064461004734,85,91,92
rubik_vis_vis_reference,mast3r,512,mp,100,95,60.08189104629044,74.83181377261823,83.83071320836044,85,92,93
rubik_vis_vis_reference,mast3r,1024,fp32,100,94,18.135985703175702,28.8206231744182,37.56575122639556,33,42,52
rubik_vis_vis_reference,mast3r,1024,mp,100,94,21.237358971550503,29.8744991188706,40.23494701908217,36,41,60
rubik_vis_vis_reference,matchanything-eloftr,128,fp16,100,73,1.5502340990570056,3.264623318725675,5.7211031999154605,3,6,11
rubik_vis_vis_reference,matchanything-eloftr,128,fp32,100,73,1.6435606549108714,3.2487396122857297,6.43082932708543,4,5,11
rubik_vis_vis_reference,matchanything-eloftr,128,mp,100,72,1.5392739690580115,2.9434870678451275,6.299304504934615,3,5,11
rubik_vis_vis_reference,matchanything-eloftr,256,fp16,100,95,8.724925839011439,15.792017338125891,23.47486372898331,18,26,34
rubik_vis_vis_reference,matchanything-eloftr,256,fp32,100,95,8.384776837177203,14.838150716667611,21.693961406209947,18,24,31
rubik_vis_vis_reference,matchanything-eloftr,256,mp,100,96,6.390609626641949,12.190255568344574,20.31256789092213,13,23,30
rubik_vis_vis_reference,matchanything-eloftr,512,fp16,100,98,22.43586727150049,34.17571018953736,45.006069530397085,38,52,57
rubik_vis_vis_reference,matchanything-eloftr,512,fp32,100,98,23.93959055461841,34.63549360203552,44.5597275179524,39,48,57
rubik_vis_vis_reference,matchanything-eloftr,512,mp,100,98,24.90633977179327,33.7077529406064,43.01672679430566,38,46,58
rubik_vis_vis_reference,matchanything-eloftr,1024,fp16,100,98,34.38744425749998,46.05604964521527,53.57199228703102,55,59,64
rubik_vis_vis_reference,matchanything-eloftr,1024,fp32,100,98,35.90453613329673,46.01018321557955,55.9893982874079,52,59,69
rubik_vis_vis_reference,matchanything-eloftr,1024,mp,100,96,33.02224751515217,45.258962170875215,55.52586343903088,51,61,70
rubik_vis_vis_reference,orb-cuda,128,native,100,61,0.8079420220810134,0.9039710110405066,0.9519855055202534,1,1,1
rubik_vis_vis_reference,orb-cuda,256,native,100,98,3.1720188398617686,6.407459111761416,9.86558892621719,8,10,15
rubik_vis_vis_reference,orb-cuda,512,native,100,96,2.578661969068979,5.952932228466258,10.841107489687149,6,12,17
rubik_vis_vis_reference,orb-cuda,1024,native,100,97,2.5443494463085923,4.986503813441408,8.539166272661404,5,8,15
rubik_vis_vis_reference,sift-gpu,128,native,100,24,1.9233268596953192,2.96166342984766,5.350290119149398,4,4,10
rubik_vis_vis_reference,sift-gpu,256,native,100,38,3.666989801814445,7.0092110620926364,10.193618124804065,8,11,14
rubik_vis_vis_reference,sift-gpu,512,native,100,80,11.250986551386957,17.31665275750921,25.99237345236474,19,27,36
rubik_vis_vis_reference,sift-gpu,1024,native,100,98,20.21041728365049,27.426089193164326,32.89913963655186,30,36,40
rubik_vis_vis_reference,superpoint-lightglue,128,fp16,100,50,0.9142757650074748,1.9525574197503697,3.356893953018715,1,4,5
rubik_vis_vis_reference,superpoint-lightglue,128,fp32,100,48,1.462186395932547,3.127313001612828,4.92594801456324,4,5,9
rubik_vis_vis_reference,superpoint-lightglue,128,mp,100,50,0.6962719938995683,2.149459630819751,3.8877007171768745,1,4,7
rubik_vis_vis_reference,superpoint-lightglue,256,fp16,100,84,3.9651995872397343,10.335386256805757,16.011614651094792,10,19,23
rubik_vis_vis_reference,superpoint-lightglue,256,fp32,100,82,4.642555205793912,7.600648562501093,13.71532892655071,8,11,25
rubik_vis_vis_reference,superpoint-lightglue,256,mp,100,82,2.7910076044806926,6.561114667725009,12.64812771360528,6,11,22
rubik_vis_vis_reference,superpoint-lightglue,512,fp16,100,97,17.976216869861116,27.497839670472068,38.6785202290257,32,42,54
rubik_vis_vis_reference,superpoint-lightglue,512,fp32,100,99,17.867108218948317,29.022634999651736,40.49249307189157,33,44,55
rubik_vis_vis_reference,superpoint-lightglue,512,mp,100,98,18.63689300016328,30.395192116864926,42.776636938516845,35,47,58
rubik_vis_vis_reference,superpoint-lightglue,1024,fp16,100,96,25.759327814259503,36.94988623007192,48.1126036071527,40,54,63
rubik_vis_vis_reference,superpoint-lightglue,1024,fp32,100,94,27.20141685163856,35.64704547872787,44.44628380875518,39,46,58
rubik_vis_vis_reference,superpoint-lightglue,1024,mp,100,94,28.99310366777347,39.70902263522271,49.23668806288863,44,52,61
rubik_vis_vis_reference,superpoint-superglue,128,fp16,100,85,2.29580987188714,5.992188219784182,12.881977388334931,6,11,23
rubik_vis_vis_reference,superpoint-superglue,128,fp32,100,86,2.5856076334306053,5.740697138300053,12.150504263363478,6,11,22
rubik_vis_vis_reference,superpoint-superglue,128,mp,100,87,1.4995446864528323,4.251577605959255,10.553564697549277,3,9,20
rubik_vis_vis_reference,superpoint-superglue,256,fp16,100,94,7.49073758562374,15.381340682732333,25.769906809502974,15,30,41
rubik_vis_vis_reference,superpoint-superglue,256,fp32,100,94,8.008129434299208,16.28951232037201,27.351367596721545,16,29,42
rubik_vis_vis_reference,superpoint-superglue,256,mp,100,94,8.698306292783395,16.321044678746695,26.85403407561804,18,29,40
rubik_vis_vis_reference,superpoint-superglue,512,fp16,100,98,20.186358583906465,32.955863377497465,43.5602184474459,35,49,57
rubik_vis_vis_reference,superpoint-superglue,512,fp32,100,97,23.37697318277187,33.56157635734771,43.21455753676181,40,45,56
rubik_vis_vis_reference,superpoint-superglue,512,mp,100,97,18.95951112615928,29.87865193357274,41.06629129088661,38,45,57
rubik_vis_vis_reference,superpoint-superglue,1024,fp16,100,95,31.838140630742828,40.91496206964841,49.42097953402265,44,54,61
rubik_vis_vis_reference,superpoint-superglue,1024,fp32,100,97,29.87319037842355,39.158980789764,48.33543534552437,43,51,60
rubik_vis_vis_reference,superpoint-superglue,1024,mp,100,95,31.192255872443383,41.10679337454804,48.53855134054714,46,54,58
sthereo_day_night_thermal_thermal,dkm,128,fp32,100,100,2.449929010959755,4.9024279595874685,11.881367266843236,4,9,26
sthereo_day_night_thermal_thermal,dkm,128,mp,100,100,2.571176914875746,5.524219614192797,11.30956989861243,4,11,21
sthereo_day_night_thermal_thermal,dkm,256,fp32,100,100,10.86594115635421,20.291574783015257,30.398390547588576,21,35,45
sthereo_day_night_thermal_thermal,dkm,256,mp,100,100,10.130856531780282,20.47625679380777,31.06782243157308,22,37,46
sthereo_day_night_thermal_thermal,dkm,512,fp32,100,100,9.669036465440922,20.14183898660357,30.97903178843274,21,36,46
sthereo_day_night_thermal_thermal,dkm,512,mp,100,100,10.70450762822919,21.056262923149905,31.59274715370676,21,35,44
sthereo_day_night_thermal_thermal,dkm,1024,fp32,100,100,12.25623657369375,21.216059839238948,31.4888625403125,23,35,45
sthereo_day_night_thermal_thermal,dkm,1024,mp,100,100,9.836468291349773,20.490475206115608,31.01187629369113,20,39,44
sthereo_day_night_thermal_thermal,efficientloftr,128,fp16,100,100,2.5789883317901823,7.191957461768146,16.63796873734084,6,17,37
sthereo_day_night_thermal_thermal,efficientloftr,128,fp32,100,100,1.9105276884094355,5.163522141236674,13.789678359800089,4,12,37
sthereo_day_night_thermal_thermal,efficientloftr,128,mp,100,100,0.864043862896403,6.401875011155599,18.079560913985524,2,21,41
sthereo_day_night_thermal_thermal,efficientloftr,256,fp16,100,100,5.061579698353935,14.947081875671946,27.16193125735672,11,32,44
sthereo_day_night_thermal_thermal,efficientloftr,256,fp32,100,100,5.273827253947334,14.072561693827035,27.55376748718007,13,29,49
sthereo_day_night_thermal_thermal,efficientloftr,256,mp,100,100,6.957614603439774,15.9197654267844,28.00310953548817,16,30,47
sthereo_day_night_thermal_thermal,efficientloftr,512,fp16,100,100,9.348993775452591,17.41175585473362,25.89796672964704,18,30,36
sthereo_day_night_thermal_thermal,efficientloftr,512,fp32,100,100,9.379243834129172,19.555700802483365,27.73875703518164,22,35,36
sthereo_day_night_thermal_thermal,efficientloftr,512,mp,100,100,10.305130883072843,18.942700153670497,27.060966142868125,20,32,36
sthereo_day_night_thermal_thermal,efficientloftr,1024,fp16,100,100,5.764247051453587,9.315289984065933,14.404452730020434,11,15,26
sthereo_day_night_thermal_thermal,efficientloftr,1024,fp32,100,100,4.238328204966894,7.582054698008259,12.630546691249403,9,13,22
sthereo_day_night_thermal_thermal,efficientloftr,1024,mp,100,100,5.371614829850231,8.911571139712192,13.860445280415307,10,14,22
sthereo_day_night_thermal_thermal,loftr,128,fp16,100,98,0.6448441148767257,2.343710839921769,10.281272839505046,1,5,28
sthereo_day_night_thermal_thermal,loftr,128,fp32,100,97,0.0,1.89984063920915,8.80489793203715,0,6,24
sthereo_day_night_thermal_thermal,loftr,128,mp,100,98,0.6448380985698345,2.5931685174730665,10.328415556930311,1,6,28
sthereo_day_night_thermal_thermal,loftr,256,fp16,100,100,3.6412363493909528,9.399495670500803,21.131579964452506,8,22,38
sthereo_day_night_thermal_thermal,loftr,256,fp32,100,100,1.6338694608800748,6.73048850912618,16.97746979151615,6,16,36
sthereo_day_night_thermal_thermal,loftr,256,mp,100,100,3.429770606553194,9.782845875093882,21.05235205835859,8,22,39
sthereo_day_night_thermal_thermal,loftr,512,fp16,100,100,7.745696305384412,16.932941665017314,28.72857849101187,17,34,44
sthereo_day_night_thermal_thermal,loftr,512,fp32,100,100,7.795431395554271,15.99198139985698,28.09668346106803,17,32,43
sthereo_day_night_thermal_thermal,loftr,512,mp,100,100,8.244823921588976,16.293027511677753,26.30846285041899,17,30,39
sthereo_day_night_thermal_thermal,loftr,1024,fp16,100,99,7.02222786183742,15.684255000929909,24.412474520157552,19,28,37
sthereo_day_night_thermal_thermal,loftr,1024,fp32,100,100,5.7555613968028885,11.586141878816289,19.068945013772144,14,20,30
sthereo_day_night_thermal_thermal,loftr,1024,mp,100,100,5.545391098693623,11.22246168392134,17.80470860341477,13,19,30
sthereo_day_night_thermal_thermal,mast3r,128,fp32,100,100,0.0,0.0,0.6317725886119516,0,0,1
sthereo_day_night_thermal_thermal,mast3r,128,mp,100,100,0.0,0.6540706779524963,1.75745398615015,0,1,4
sthereo_day_night_thermal_thermal,mast3r,256,fp32,100,100,0.580047892651584,1.1962961328915684,3.6890617966524446,1,3,9
sthereo_day_night_thermal_thermal,mast3r,256,mp,100,100,0.7566624589650705,1.371099159251166,3.147520271216183,1,2,9
sthereo_day_night_thermal_thermal,mast3r,512,fp32,100,100,1.5882617949766662,3.1147413115989204,5.201253951897114,3,5,9
sthereo_day_night_thermal_thermal,mast3r,512,mp,100,100,1.5597911659607693,3.272418440620148,5.725007762831432,4,5,10
sthereo_day_night_thermal_thermal,mast3r,1024,fp32,100,100,0.8606433536535929,1.563189173262317,3.457365845721272,1,4,6
sthereo_day_night_thermal_thermal,mast3r,1024,mp,100,100,1.3006890027207478,2.3023454593057404,3.940877557268422,2,4,6
sthereo_day_night_thermal_thermal,matchanything-eloftr,128,fp16,100,93,0.0,1.658213794274966,6.273842937191282,0,5,17
sthereo_day_night_thermal_thermal,matchanything-eloftr,128,fp32,100,92,1.007783660240037,2.652343636192195,8.28335173884539,2,6,23
sthereo_day_night_thermal_thermal,matchanything-eloftr,128,mp,100,93,0.6864766613687434,2.5229720780590137,8.156459544451762,1,7,20
sthereo_day_night_thermal_thermal,matchanything-eloftr,256,fp16,100,99,4.724652266153203,9.226532349952436,18.01194011074147,9,21,32
sthereo_day_night_thermal_thermal,matchanything-eloftr,256,fp32,100,98,4.434676880129873,9.559532480963773,18.49560508045945,8,19,33
sthereo_day_night_thermal_thermal,matchanything-eloftr,256,mp,100,98,3.830360268720818,9.050782965140275,18.100808439982213,8,19,34
sthereo_day_night_thermal_thermal,matchanything-eloftr,512,fp16,100,100,8.700599713874917,17.72204950267072,27.486306553816952,18,33,40
sthereo_day_night_thermal_thermal,matchanything-eloftr,512,fp32,100,100,7.577627770099986,17.61821487379987,28.40560289642363,18,36,42
sthereo_day_night_thermal_thermal,matchanything-eloftr,512,mp,100,100,8.672745571787486,17.08319585019915,26.72372796090458,19,31,40
sthereo_day_night_thermal_thermal,matchanything-eloftr,1024,fp16,100,100,10.451251323397589,17.804426080583735,25.26748216045372,20,27,35
sthereo_day_night_thermal_thermal,matchanything-eloftr,1024,fp32,100,100,10.110010494819315,18.74160393341317,26.398057442807904,21,31,36
sthereo_day_night_thermal_thermal,matchanything-eloftr,1024,mp,100,100,12.48260926358819,21.667162228959835,30.45763524418589,24,35,42
sthereo_day_night_thermal_thermal,orb-cuda,128,native,100,0,0.0,0.0,0.0,0,0,0
sthereo_day_night_thermal_thermal,orb-cuda,256,native,100,33,0.0,0.0,0.5800204642676529,0,0,1
sthereo_day_night_thermal_thermal,orb-cuda,512,native,100,57,0.0,0.0,0.5767813688714689,0,0,1
sthereo_day_night_thermal_thermal,orb-cuda,1024,native,100,49,0.0,0.0,0.5962369392825813,0,0,1
sthereo_day_night_thermal_thermal,sift-gpu,128,native,100,2,0.0,0.0,0.0,0,0,0
sthereo_day_night_thermal_thermal,sift-gpu,256,native,100,6,0.0,0.0,0.0,0,0,0
sthereo_day_night_thermal_thermal,sift-gpu,512,native,100,3,0.0,0.0,0.6977109383893029,0,0,1
sthereo_day_night_thermal_thermal,sift-gpu,1024,native,100,2,0.0,0.0,0.0,0,0,0
sthereo_day_night_thermal_thermal,superpoint-lightglue,128,fp16,100,76,0.0,0.5284344700927855,4.679547872059751,0,1,13
sthereo_day_night_thermal_thermal,superpoint-lightglue,128,fp32,100,74,0.0,1.2957054266117862,4.452581771027617,0,3,15
sthereo_day_night_thermal_thermal,superpoint-lightglue,128,mp,100,75,1.058808446323665,3.3938626227582773,8.682631569216962,3,7,22
sthereo_day_night_thermal_thermal,superpoint-lightglue,256,fp16,100,91,1.6233276566459258,5.370016100985491,16.046251551608453,4,15,33
sthereo_day_night_thermal_thermal,superpoint-lightglue,256,fp32,100,92,1.857231445592048,5.07860944912352,12.994683782248572,5,11,29
sthereo_day_night_thermal_thermal,superpoint-lightglue,256,mp,100,93,1.156428545992645,4.620478378289763,15.186111219179082,2,13,33
sthereo_day_night_thermal_thermal,superpoint-lightglue,512,fp16,100,99,7.297951944555756,14.97435370646906,26.351426672756904,16,29,47
sthereo_day_night_thermal_thermal,superpoint-lightglue,512,fp32,100,97,4.276811670125072,11.60675233302183,22.26235072716216,10,24,42
sthereo_day_night_thermal_thermal,superpoint-lightglue,512,mp,100,100,4.603930417602466,10.45841141703939,20.58199140999081,9,21,40
sthereo_day_night_thermal_thermal,superpoint-lightglue,1024,fp16,100,87,5.056501290762817,8.568552100559309,14.065280874354318,9,15,23
sthereo_day_night_thermal_thermal,superpoint-lightglue,1024,fp32,100,88,4.362049724262042,8.538134997503446,16.236636465705118,7,16,30
sthereo_day_night_thermal_thermal,superpoint-lightglue,1024,mp,100,88,4.13981727295893,9.17462811719692,17.84476237093053,8,20,29
sthereo_day_night_thermal_thermal,superpoint-superglue,128,fp16,100,96,0.8333861039877242,2.375582051065249,7.870369913542341,2,5,23
sthereo_day_night_thermal_thermal,superpoint-superglue,128,fp32,100,96,1.0448766866791028,2.6441168545821725,7.3501914887317055,2,5,18
sthereo_day_night_thermal_thermal,superpoint-superglue,128,mp,100,96,0.5874129949439633,2.1478507044093287,8.354224184477523,1,7,23
sthereo_day_night_thermal_thermal,superpoint-superglue,256,fp16,100,100,4.113612312608477,13.56331200280822,29.54970769689177,12,33,52
sthereo_day_night_thermal_thermal,superpoint-superglue,256,fp32,100,98,1.200505883068694,7.620260014396378,22.02159649567618,6,23,44
sthereo_day_night_thermal_thermal,superpoint-superglue,256,mp,100,100,3.849851781805472,9.477060014487718,23.09385010374286,8,24,46
sthereo_day_night_thermal_thermal,superpoint-superglue,512,fp16,100,100,8.925160571858598,22.42366197083795,38.77604414598993,26,43,65
sthereo_day_night_thermal_thermal,superpoint-superglue,512,fp32,100,100,12.755403528576077,23.9334923423266,37.42058353653647,28,43,56
sthereo_day_night_thermal_thermal,superpoint-superglue,512,mp,100,100,14.09230449935064,28.10928244014053,43.14064146621915,33,49,63
sthereo_day_night_thermal_thermal,superpoint-superglue,1024,fp16,100,87,4.05330514789912,8.330725637680688,15.575173320249393,8,17,27
sthereo_day_night_thermal_thermal,superpoint-superglue,1024,fp32,100,87,4.439550908441108,9.491938068526842,18.32051581489109,10,18,31
sthereo_day_night_thermal_thermal,superpoint-superglue,1024,mp,100,85,2.1745926679336613,5.464871418565622,13.43946167511882,5,13,27
sthereo_day_night_vis_vis,dkm,128,fp32,100,100,1.4316694156942085,4.749544186460349,12.15911673271591,4,12,27
sthereo_day_night_vis_vis,dkm,128,mp,100,100,1.2483809292488013,4.237179419070214,11.51421180941248,3,10,23
sthereo_day_night_vis_vis,dkm,256,fp32,100,100,1.0985217933690417,5.005610443213049,11.30789694453412,3,11,26
sthereo_day_night_vis_vis,dkm,256,mp,100,100,1.9034012250234853,5.55995200802318,11.225932060373896,5,12,25
sthereo_day_night_vis_vis,dkm,512,fp32,100,100,1.442609931267413,4.840391753175748,10.679730061884364,5,11,21
sthereo_day_night_vis_vis,dkm,512,mp,100,100,1.47469799169327,5.662043876675129,11.152232130733394,5,14,19
sthereo_day_night_vis_vis,dkm,1024,fp32,100,100,1.5406789408738604,4.153980479138894,10.435792694127086,4,10,24
sthereo_day_night_vis_vis,dkm,1024,mp,100,100,1.2114785005018325,3.1614116103791225,9.222834287322502,2,6,25
sthereo_day_night_vis_vis,efficientloftr,128,fp16,100,0,0.0,0.0,0.0,0,0,0
sthereo_day_night_vis_vis,efficientloftr,128,fp32,100,0,0.0,0.0,0.0,0,0,0
sthereo_day_night_vis_vis,efficientloftr,128,mp,100,0,0.0,0.0,0.0,0,0,0
sthereo_day_night_vis_vis,efficientloftr,256,fp16,100,100,0.6199705131194799,1.7860985911528082,6.746478255960367,1,4,18
sthereo_day_night_vis_vis,efficientloftr,256,fp32,100,100,0.0,1.4842757327783085,6.470494694020246,0,7,21
sthereo_day_night_vis_vis,efficientloftr,256,mp,100,100,0.6585953713890467,3.6886381240232495,9.103077604242072,2,10,22
sthereo_day_night_vis_vis,efficientloftr,512,fp16,100,100,2.014082952027546,4.71984798621188,10.107407688776629,4,11,21
sthereo_day_night_vis_vis,efficientloftr,512,fp32,100,100,0.7278515668475924,3.966595664491078,9.991749461268014,1,11,18
sthereo_day_night_vis_vis,efficientloftr,512,mp,100,100,1.2957455071395816,5.091487669467874,9.99783479597552,4,12,16
sthereo_day_night_vis_vis,efficientloftr,1024,fp16,100,100,0.9654198510295484,3.4218763279694766,7.487428571363599,3,8,15
sthereo_day_night_vis_vis,efficientloftr,1024,fp32,100,100,2.273154862581505,5.978432846335201,10.890508286321712,5,13,20
sthereo_day_night_vis_vis,efficientloftr,1024,mp,100,100,0.8652158558421431,3.5476434864603874,8.422490544037506,2,8,18
sthereo_day_night_vis_vis,loftr,128,fp16,100,36,0.0,0.0,1.1040314557346065,0,0,4
sthereo_day_night_vis_vis,loftr,128,fp32,100,36,0.0,0.0,0.67210428462468,0,0,3
sthereo_day_night_vis_vis,loftr,128,mp,100,37,0.0,0.0,0.9316758851349092,0,0,4
sthereo_day_night_vis_vis,loftr,256,fp16,100,97,0.0,1.59023877675298,5.376586042366043,0,4,11
sthereo_day_night_vis_vis,loftr,256,fp32,100,97,0.0,0.9540529133500932,3.604971190457044,0,2,9
sthereo_day_night_vis_vis,loftr,256,mp,100,97,0.0,1.5811657349513626,5.330960530265009,0,4,12
sthereo_day_night_vis_vis,loftr,512,fp16,100,100,1.2409692726260362,4.184315147197039,8.309599302535366,5,9,18
sthereo_day_night_vis_vis,loftr,512,fp32,100,100,1.7111128709615346,4.836841853821948,9.806930723486197,5,9,18
sthereo_day_night_vis_vis,loftr,512,mp,100,100,1.4627087492953768,4.292195551796961,8.298709225952214,5,9,16
sthereo_day_night_vis_vis,loftr,1024,fp16,100,100,2.527246905846526,6.473403542455756,12.339115502968964,7,13,24
sthereo_day_night_vis_vis,loftr,1024,fp32,100,100,3.318271945427038,7.477198911723076,12.686064865664044,9,14,22
sthereo_day_night_vis_vis,loftr,1024,mp,100,100,1.753103857517753,5.695066987959835,11.754371013453447,5,12,23
sthereo_day_night_vis_vis,mast3r,128,fp32,100,80,0.0,0.6725165857117907,5.482253081776687,0,3,17
sthereo_day_night_vis_vis,mast3r,128,mp,100,80,0.0,0.5589391158531114,2.687127701041609,0,1,8
sthereo_day_night_vis_vis,mast3r,256,fp32,100,91,1.4043517121815308,2.811134677004478,8.205668239063826,2,11,15
sthereo_day_night_vis_vis,mast3r,256,mp,100,92,1.4427746593647683,3.793186537657226,9.265850087767246,3,8,17
sthereo_day_night_vis_vis,mast3r,512,fp32,100,95,3.1481585682411364,9.091502835888608,16.728883794846663,9,20,27
sthereo_day_night_vis_vis,mast3r,512,mp,100,93,2.841999191325455,10.480478989474266,19.03857510591342,10,22,31
sthereo_day_night_vis_vis,mast3r,1024,fp32,100,93,1.614833553608257,4.253666494291871,6.505567722362899,5,8,9
sthereo_day_night_vis_vis,mast3r,1024,mp,100,93,2.2050975252259595,5.272360443679904,8.44449348703145,6,9,12
sthereo_day_night_vis_vis,matchanything-eloftr,128,fp16,100,0,0.0,0.0,0.0,0,0,0
sthereo_day_night_vis_vis,matchanything-eloftr,128,fp32,100,0,0.0,0.0,0.0,0,0,0
sthereo_day_night_vis_vis,matchanything-eloftr,128,mp,100,0,0.0,0.0,0.0,0,0,0
sthereo_day_night_vis_vis,matchanything-eloftr,256,fp16,100,83,1.5291200303975867,3.759041978503334,10.41770249961336,2,9,24
sthereo_day_night_vis_vis,matchanything-eloftr,256,fp32,100,83,1.0288991490844592,4.0122500650347215,11.334136671967546,3,10,28
sthereo_day_night_vis_vis,matchanything-eloftr,256,mp,100,83,1.0613174093103213,3.474871999782478,9.383594088081656,3,8,22
sthereo_day_night_vis_vis,matchanything-eloftr,512,fp16,100,67,0.7356887683437318,3.221048812170534,8.628206075283568,1,8,17
sthereo_day_night_vis_vis,matchanything-eloftr,512,fp32,100,67,1.8960403023794048,5.059346244329319,12.229880546506408,7,9,24
sthereo_day_night_vis_vis,matchanything-eloftr,512,mp,100,67,1.9555070689070149,4.448362586253942,10.576681244032612,5,10,21
sthereo_day_night_vis_vis,matchanything-eloftr,1024,fp16,100,77,0.7229917847894665,2.1191855175685697,6.089507882691985,2,4,14
sthereo_day_night_vis_vis,matchanything-eloftr,1024,fp32,100,77,1.0733267220619898,2.557898223526146,6.256485008952399,3,6,12
sthereo_day_night_vis_vis,matchanything-eloftr,1024,mp,100,75,1.4157896293529026,3.49413339887323,8.31075431929134,4,8,16
sthereo_day_night_vis_vis,orb-cuda,128,native,100,0,0.0,0.0,0.0,0,0,0
sthereo_day_night_vis_vis,orb-cuda,256,native,100,95,0.0,0.6448575100028435,2.6381181397283107,0,2,7
sthereo_day_night_vis_vis,orb-cuda,512,native,100,99,0.0,0.0,1.3953803735281096,0,0,4
sthereo_day_night_vis_vis,orb-cuda,1024,native,100,99,0.0,0.0,0.9869488091016984,0,0,3
sthereo_day_night_vis_vis,sift-gpu,128,native,100,0,0.0,0.0,0.0,0,0,0
sthereo_day_night_vis_vis,sift-gpu,256,native,100,0,0.0,0.0,0.0,0,0,0
sthereo_day_night_vis_vis,sift-gpu,512,native,100,6,0.0,0.0,0.0,0,0,0
sthereo_day_night_vis_vis,sift-gpu,1024,native,100,18,0.0,0.6503604740201147,0.8251802370100574,0,1,1
sthereo_day_night_vis_vis,superpoint-lightglue,128,fp16,100,34,0.0,0.0,1.705895361810846,0,0,5
sthereo_day_night_vis_vis,superpoint-lightglue,128,fp32,100,36,0.0,0.0,1.7242037881186372,0,0,5
sthereo_day_night_vis_vis,superpoint-lightglue,128,mp,100,32,0.0,0.0,1.4504729886946397,0,0,4
sthereo_day_night_vis_vis,superpoint-lightglue,256,fp16,100,44,0.600056168251092,1.7894492946732388,4.993862010640669,1,5,10
sthereo_day_night_vis_vis,superpoint-lightglue,256,fp32,100,44,0.0,2.3389232931044788,5.692891315453719,0,6,11
sthereo_day_night_vis_vis,superpoint-lightglue,256,mp,100,42,0.0,1.1546071663965878,4.015330527495708,0,4,10
sthereo_day_night_vis_vis,superpoint-lightglue,512,fp16,100,48,0.0,1.1889705838206148,3.895771306337324,0,3,8
sthereo_day_night_vis_vis,superpoint-lightglue,512,fp32,100,51,0.5646771929598572,0.7823385964799286,3.4890005565140094,1,1,9
sthereo_day_night_vis_vis,superpoint-lightglue,512,mp,100,52,0.5646771929598572,2.1124685539972496,5.176432184994988,1,4,10
sthereo_day_night_vis_vis,superpoint-lightglue,1024,fp16,100,51,0.0,1.235542894200033,3.6553311936386015,0,3,8
sthereo_day_night_vis_vis,superpoint-lightglue,1024,fp32,100,52,0.0,0.781966482101167,3.62137515864142,0,3,8
sthereo_day_night_vis_vis,superpoint-lightglue,1024,mp,100,52,0.0,0.7587585714351841,2.542018689151928,0,2,5
sthereo_day_night_vis_vis,superpoint-superglue,128,fp16,100,69,0.0,0.0,3.129770093302108,0,0,12
sthereo_day_night_vis_vis,superpoint-superglue,128,fp32,100,67,0.0,0.5269236407063661,3.716817052960853,0,1,14
sthereo_day_night_vis_vis,superpoint-superglue,128,mp,100,63,0.0,0.75484127434988,4.553223139462468,0,2,13
sthereo_day_night_vis_vis,superpoint-superglue,256,fp16,100,74,0.7845629550397869,1.7194685277085269,3.517792275064444,1,3,11
sthereo_day_night_vis_vis,superpoint-superglue,256,fp32,100,73,1.0137933087117232,2.222032372256772,5.144384983579471,2,4,12
sthereo_day_night_vis_vis,superpoint-superglue,256,mp,100,75,0.0,1.1029621883759306,3.061909539994993,0,2,11
sthereo_day_night_vis_vis,superpoint-superglue,512,fp16,100,57,0.0,1.5080022505687565,4.568084248169335,0,4,10
sthereo_day_night_vis_vis,superpoint-superglue,512,fp32,100,56,0.0,1.4024672059452337,5.714963648127795,0,5,15
sthereo_day_night_vis_vis,superpoint-superglue,512,mp,100,55,0.0,2.083747506353618,6.39874337966226,0,5,17
sthereo_day_night_vis_vis,superpoint-superglue,1024,fp16,100,31,0.0,0.7496983834933596,1.3816396128346444,0,1,3
sthereo_day_night_vis_vis,superpoint-superglue,1024,fp32,100,30,0.0,0.527732518099714,1.4649533087007405,0,1,3
sthereo_day_night_vis_vis,superpoint-superglue,1024,mp,100,30,0.5168583446452083,1.3771092816816937,2.188554640840847,1,3,3
sthereo_day_vis_thermal,dkm,128,fp32,100,100,3.5266892395619407,17.552567855234546,34.448451986138096,17,44,54
sthereo_day_vis_thermal,dkm,128,mp,100,100,2.3573953949742767,15.089557676493987,32.62929274090121,12,42,56
sthereo_day_vis_thermal,dkm,256,fp32,100,100,10.088915597239092,36.66458190347976,55.618473832961065,54,69,78
sthereo_day_vis_thermal,dkm,256,mp,100,100,9.462737651981588,35.72079175623542,55.992822087773895,49,70,79
sthereo_day_vis_thermal,dkm,512,fp32,100,100,11.108427147198917,42.90997682904261,62.39663175075153,65,80,83
sthereo_day_vis_thermal,dkm,512,mp,100,100,11.179247492607807,41.983166933916735,62.751891161892445,64,78,86
sthereo_day_vis_thermal,dkm,1024,fp32,100,100,9.731119722857423,39.86501610847933,58.63726624737582,57,74,80
sthereo_day_vis_thermal,dkm,1024,mp,100,100,9.276056030174365,39.659248150920895,60.03050605496731,54,77,83
sthereo_day_vis_thermal,efficientloftr,128,fp16,100,0,0.0,0.0,0.0,0,0,0
sthereo_day_vis_thermal,efficientloftr,128,fp32,100,0,0.0,0.0,0.0,0,0,0
sthereo_day_vis_thermal,efficientloftr,128,mp,100,0,0.0,0.0,0.0,0,0,0
sthereo_day_vis_thermal,efficientloftr,256,fp16,100,100,2.631119227757895,15.489309365289287,27.19660626604781,19,32,42
sthereo_day_vis_thermal,efficientloftr,256,fp32,100,100,4.264687590424895,15.515765332861005,27.303315126937346,23,32,43
sthereo_day_vis_thermal,efficientloftr,256,mp,100,100,3.270875936165834,15.231247312212298,27.186126889315403,16,31,45
sthereo_day_vis_thermal,efficientloftr,512,fp16,100,100,6.173529810646727,26.86626144670629,43.942794907638536,37,55,66
sthereo_day_vis_thermal,efficientloftr,512,fp32,100,100,6.16136485176879,26.596127652586222,44.30172849178315,33,55,65
sthereo_day_vis_thermal,efficientloftr,512,mp,100,100,8.046648292581917,33.88026629959841,52.93098455378234,44,66,75
sthereo_day_vis_thermal,efficientloftr,1024,fp16,100,100,3.372013356278567,15.144297152051196,26.766939814704887,17,31,43
sthereo_day_vis_thermal,efficientloftr,1024,fp32,100,100,1.3068124802288323,6.652888927313086,17.791789644186572,5,18,36
sthereo_day_vis_thermal,efficientloftr,1024,mp,100,100,1.2579751250729454,9.12162591351441,19.0162988922756,7,22,34
sthereo_day_vis_thermal,loftr,128,fp16,100,78,0.6909861749285472,2.030415072096845,6.80638688965445,1,6,18
sthereo_day_vis_thermal,loftr,128,fp32,100,80,0.69155648000799,1.6917858131193058,7.398432158231816,1,5,19
sthereo_day_vis_thermal,loftr,128,mp,100,78,0.6912989051164343,2.101255248238986,6.999040276472951,1,6,17
sthereo_day_vis_thermal,loftr,256,fp16,100,100,3.629198954623245,15.828396596536018,26.326120453698262,20,31,41
sthereo_day_vis_thermal,loftr,256,fp32,100,100,3.0426291636937868,14.0672041387929,23.82800372034013,16,29,39
sthereo_day_vis_thermal,loftr,256,mp,100,100,2.879581923963929,14.840263438622136,26.15511744124378,18,31,43
sthereo_day_vis_thermal,loftr,512,fp16,100,100,8.452812209955777,29.24660952624351,43.90589089625369,44,53,62
sthereo_day_vis_thermal,loftr,512,fp32,100,100,8.67234188618093,33.90805327901704,50.45568373401812,53,64,69
sthereo_day_vis_thermal,loftr,512,mp,100,100,7.635877789602678,28.53590100972797,43.32369226757972,41,53,63
sthereo_day_vis_thermal,loftr,1024,fp16,100,100,1.7253882100809783,4.361063965529703,8.02082542263143,6,8,15
sthereo_day_vis_thermal,loftr,1024,fp32,100,100,1.2094712379831305,2.846718479532589,6.746945902822012,3,5,14
sthereo_day_vis_thermal,loftr,1024,mp,100,100,0.8992806029932721,3.571661286921689,9.129393296769774,3,8,17
sthereo_day_vis_thermal,mast3r,128,fp32,100,76,0.0,1.5916477212741542,4.922858121470288,0,4,12
sthereo_day_vis_thermal,mast3r,128,mp,100,76,0.0,1.690388110346862,4.676662773291239,0,4,11
sthereo_day_vis_thermal,mast3r,256,fp32,100,79,1.9301104180442472,7.372909646522243,12.826690123362477,7,15,21
sthereo_day_vis_thermal,mast3r,256,mp,100,79,1.3184186762195529,5.504994882305099,10.078603478722467,6,11,16
sthereo_day_vis_thermal,mast3r,512,fp32,100,100,8.431241810209093,30.381162225863267,47.939847316269365,45,59,69
sthereo_day_vis_thermal,mast3r,512,mp,100,100,8.4389427205776,30.65306127230548,47.74848839587397,45,59,70
sthereo_day_vis_thermal,mast3r,1024,fp32,100,99,0.0,0.0,0.8959270936972771,0,0,2
sthereo_day_vis_thermal,mast3r,1024,mp,100,99,0.0,0.0,0.7219961328261654,0,0,2
sthereo_day_vis_thermal,matchanything-eloftr,128,fp16,100,0,0.0,0.0,0.0,0,0,0
sthereo_day_vis_thermal,matchanything-eloftr,128,fp32,100,0,0.0,0.0,0.0,0,0,0
sthereo_day_vis_thermal,matchanything-eloftr,128,mp,100,0,0.0,0.0,0.0,0,0,0
sthereo_day_vis_thermal,matchanything-eloftr,256,fp16,100,99,2.02253118640403,8.072205065054092,18.319505807844745,8,17,39
sthereo_day_vis_thermal,matchanything-eloftr,256,fp32,100,99,1.5056818598779798,10.576169869925977,22.87837610221822,11,24,41
sthereo_day_vis_thermal,matchanything-eloftr,256,mp,100,99,1.80066672531101,8.720438820029194,20.145205426381303,10,19,42
sthereo_day_vis_thermal,matchanything-eloftr,512,fp16,100,100,2.721940640170988,10.20921158841722,18.91220965793564,14,21,32
sthereo_day_vis_thermal,matchanything-eloftr,512,fp32,100,100,2.191277465604042,10.072612776955056,20.40922525418729,13,20,39
sthereo_day_vis_thermal,matchanything-eloftr,512,mp,100,100,2.489793643140448,9.943985881977497,18.59073011329117,11,23,30
sthereo_day_vis_thermal,matchanything-eloftr,1024,fp16,100,96,7.03237442874972,25.183894368911297,37.48309339665362,40,46,53
sthereo_day_vis_thermal,matchanything-eloftr,1024,fp32,100,97,6.127626965913134,22.941300278259387,36.21473186494198,37,43,52
sthereo_day_vis_thermal,matchanything-eloftr,1024,mp,100,96,7.27414395360215,26.63143685974141,38.72979873550909,40,48,54
sthereo_day_vis_thermal,orb-cuda,128,native,100,0,0.0,0.0,0.0,0,0,0
sthereo_day_vis_thermal,orb-cuda,256,native,100,100,0.0,0.5349627253119654,1.288309710709172,0,1,3
sthereo_day_vis_thermal,orb-cuda,512,native,100,100,0.0,0.0,1.000296853856756,0,0,2
sthereo_day_vis_thermal,orb-cuda,1024,native,100,100,0.0,0.0,0.5575309271958756,0,0,1
sthereo_day_vis_thermal,sift-gpu,128,native,100,0,0.0,0.0,0.0,0,0,0
sthereo_day_vis_thermal,sift-gpu,256,native,100,8,0.0,0.0,0.0,0,0,0
sthereo_day_vis_thermal,sift-gpu,512,native,100,49,0.0,0.0,0.9260650460494196,0,0,2
sthereo_day_vis_thermal,sift-gpu,1024,native,100,62,0.0,0.0,0.0,0,0,0
sthereo_day_vis_thermal,superpoint-lightglue,128,fp16,100,41,0.0,1.3038838489011324,2.926203504937948,0,3,5
sthereo_day_vis_thermal,superpoint-lightglue,128,fp32,100,39,0.0,1.149220017169705,2.074610008584852,0,3,3
sthereo_day_vis_thermal,superpoint-lightglue,128,mp,100,40,0.0,0.7955268558110083,2.62559983828839,0,2,6
sthereo_day_vis_thermal,superpoint-lightglue,256,fp16,100,93,1.3112937935655058,6.054442074579593,15.281427438764474,5,16,32
sthereo_day_vis_thermal,superpoint-lightglue,256,fp32,100,92,0.8194892629388986,4.343064220390072,12.616259002175262,3,16,25
sthereo_day_vis_thermal,superpoint-lightglue,256,mp,100,93,0.7798534335983989,4.736890085803096,14.096743775758524,2,17,28
sthereo_day_vis_thermal,superpoint-lightglue,512,fp16,100,98,5.8258220751852345,27.53617817971699,44.97108947018593,33,55,68
sthereo_day_vis_thermal,superpoint-lightglue,512,fp32,100,98,5.509472384880537,22.848628251419008,38.27718057222408,32,44,60
sthereo_day_vis_thermal,superpoint-lightglue,512,mp,100,98,6.3405822218933,24.091665059878306,39.47783429525448,33,47,60
sthereo_day_vis_thermal,superpoint-lightglue,1024,fp16,100,97,8.507324862130142,33.734134437463446,50.9206064945874,47,63,70
sthereo_day_vis_thermal,superpoint-lightglue,1024,fp32,100,97,8.918135712183007,36.08800469144992,55.04567655567924,54,66,77
sthereo_day_vis_thermal,superpoint-lightglue,1024,mp,100,96,8.87310389459445,34.74788225622783,52.47958678670406,47,66,73
sthereo_day_vis_thermal,superpoint-superglue,128,fp16,100,91,0.5771286721875526,2.734057514895954,8.230008991292161,1,7,21
sthereo_day_vis_thermal,superpoint-superglue,128,fp32,100,91,0.5771286721875526,2.842815598098574,8.189425460601036,1,7,22
sthereo_day_vis_thermal,superpoint-superglue,128,mp,100,92,0.5771286721875526,2.624723934401845,7.255925938401186,1,6,18
sthereo_day_vis_thermal,superpoint-superglue,256,fp16,100,100,2.675465755181352,13.662417936275812,25.886618045501454,17,31,47
sthereo_day_vis_thermal,superpoint-superglue,256,fp32,100,100,2.3322491341656657,12.272743830894123,23.13872452592587,10,27,38
sthereo_day_vis_thermal,superpoint-superglue,256,mp,100,100,2.1683785041969275,11.47286151062229,23.621802193176723,9,28,41
sthereo_day_vis_thermal,superpoint-superglue,512,fp16,100,99,6.260811067065619,30.71156818811089,50.265386336680486,42,63,74
sthereo_day_vis_thermal,superpoint-superglue,512,fp32,100,99,7.711928701798816,34.08735742023153,53.23730490339933,50,66,75
sthereo_day_vis_thermal,superpoint-superglue,512,mp,100,99,9.21799176260209,35.95352970837159,53.88709020307972,52,67,76
sthereo_day_vis_thermal,superpoint-superglue,1024,fp16,100,97,8.694396913757775,34.53254741145478,52.06426694967002,51,65,72
sthereo_day_vis_thermal,superpoint-superglue,1024,fp32,100,96,8.838692616117442,34.315874285920145,52.62338257297701,52,64,75
sthereo_day_vis_thermal,superpoint-superglue,1024,mp,100,96,8.158246481233302,33.63033480794442,51.62093428211279,51,62,73
